speed,car_age,experience,risk
172,22,8.104041736,42
94,17,,36
186,,14.81947722,45
151,10,,38
100,6,16.45580704,47
182,15,,66
154,,4.750129426,64
167,28,8.004457857,42
196,5,,39
179,1,1.657826434,95
183,8,10.56740243,75
210,21,8.726716632,19
132,,16.04218498,42
81,12,19.55801338,83
167,12,11.12010077,47
